Namespace,Type,Method,AnalyzeLaunchVariance,EvaluateOverhead,MaxAbsoluteError,MaxRelativeError,MinInvokeCount,MinIterationTime,OutlierMode,Affinity,EnvironmentVariables,Jit,LargeAddressAware,Platform,PowerPlanMode,Runtime,AllowVeryLargeObjects,Concurrent,CpuGroups,Force,HeapAffinitizeMask,HeapCount,NoAffinitize,RetainVm,Server,Arguments,BuildConfiguration,Clock,EngineFactory,IsMutator,InvocationCount,IterationCount,IterationTime,LaunchCount,MaxIterationCount,MaxWarmupIterationCount,MemoryRandomization,MinIterationCount,MinWarmupIterationCount,RunStrategy,UnrollFactor,WarmupCount,Implementation,Scenario,Mean,Error,StdDev,Gen0,Gen1,Allocated
MediatorBenchmarks.Axent,AxentBenchmarks,Command,False,Default,Default,Default,Default,Default,Default,11111111111111111111,Empty,RyuJit,Default,X64,8c5e7fda-e8bf-4a96-9a85-a6e23a8c635c,.NET 10.0,False,True,False,True,Default,Default,False,False,False,Default,Default,Default,Default,Default,Default,Default,Default,Default,Default,Default,Default,Default,Default,Default,16,Default,Axent,InvokeAsync,49.4968 ns,0.1899 ns,0.1776 ns,0.0063,0.0000,80 B
MediatorBenchmarks.Axent,AxentBenchmarks,Command,False,Default,Default,Default,Default,Default,Default,11111111111111111111,Empty,RyuJit,Default,X64,8c5e7fda-e8bf-4a96-9a85-a6e23a8c635c,.NET 11.0,False,True,False,True,Default,Default,False,False,False,Default,Default,Default,Default,Default,Default,Default,Default,Default,Default,Default,Default,Default,Default,Default,16,Default,Axent,InvokeAsync,44.2312 ns,0.1712 ns,0.1601 ns,0.0063,0.0000,80 B
MediatorBenchmarks.Axent,AxentBenchmarks,Query,False,Default,Default,Default,Default,Default,Default,11111111111111111111,Empty,RyuJit,Default,X64,8c5e7fda-e8bf-4a96-9a85-a6e23a8c635c,.NET 10.0,False,True,False,True,Default,Default,False,False,False,Default,Default,Default,Default,Default,Default,Default,Default,Default,Default,Default,Default,Default,Default,Default,16,Default,Axent,InvokeAsyncT,70.1983 ns,0.4146 ns,0.3676 ns,0.0082,0.0000,104 B
MediatorBenchmarks.Axent,AxentBenchmarks,Query,False,Default,Default,Default,Default,Default,Default,11111111111111111111,Empty,RyuJit,Default,X64,8c5e7fda-e8bf-4a96-9a85-a6e23a8c635c,.NET 11.0,False,True,False,True,Default,Default,False,False,False,Default,Default,Default,Default,Default,Default,Default,Default,Default,Default,Default,Default,Default,Default,Default,16,Default,Axent,InvokeAsyncT,63.1785 ns,0.1873 ns,0.1752 ns,0.0082,0.0000,104 B
MediatorBenchmarks.Axent,AxentBenchmarks,FullQuery,False,Default,Default,Default,Default,Default,Default,11111111111111111111,Empty,RyuJit,Default,X64,8c5e7fda-e8bf-4a96-9a85-a6e23a8c635c,.NET 10.0,False,True,False,True,Default,Default,False,False,False,Default,Default,Default,Default,Default,Default,Default,Default,Default,Default,Default,Default,Default,Default,Default,16,Default,Axent,InvokeAsyncTWithDI,104.8694 ns,0.2756 ns,0.2578 ns,0.0076,0.0000,96 B
MediatorBenchmarks.Axent,AxentBenchmarks,FullQuery,False,Default,Default,Default,Default,Default,Default,11111111111111111111,Empty,RyuJit,Default,X64,8c5e7fda-e8bf-4a96-9a85-a6e23a8c635c,.NET 11.0,False,True,False,True,Default,Default,False,False,False,Default,Default,Default,Default,Default,Default,Default,Default,Default,Default,Default,Default,Default,Default,Default,16,Default,Axent,InvokeAsyncTWithDI,84.3546 ns,0.3107 ns,0.2906 ns,0.0076,0.0000,96 B
MediatorBenchmarks.Axent,AxentBenchmarks,ShortCircuit,False,Default,Default,Default,Default,Default,Default,11111111111111111111,Empty,RyuJit,Default,X64,8c5e7fda-e8bf-4a96-9a85-a6e23a8c635c,.NET 10.0,False,True,False,True,Default,Default,False,False,False,Default,Default,Default,Default,Default,Default,Default,Default,Default,Default,Default,Default,Default,Default,Default,16,Default,Axent,ShortCircuit,47.5306 ns,0.1028 ns,0.0911 ns,0.0044,0.0000,56 B
MediatorBenchmarks.Axent,AxentBenchmarks,ShortCircuit,False,Default,Default,Default,Default,Default,Default,11111111111111111111,Empty,RyuJit,Default,X64,8c5e7fda-e8bf-4a96-9a85-a6e23a8c635c,.NET 11.0,False,True,False,True,Default,Default,False,False,False,Default,Default,Default,Default,Default,Default,Default,Default,Default,Default,Default,Default,Default,Default,Default,16,Default,Axent,ShortCircuit,40.5440 ns,0.1578 ns,0.1399 ns,0.0044,0.0000,56 B
MediatorBenchmarks.Direct,DirectBenchmarks,CascadingMessages,False,Default,Default,Default,Default,Default,Default,11111111111111111111,Empty,RyuJit,Default,X64,8c5e7fda-e8bf-4a96-9a85-a6e23a8c635c,.NET 8.0,False,True,False,True,Default,Default,False,False,False,Default,Default,Default,Default,Default,Default,Default,Default,Default,Default,Default,Default,Default,Default,Default,16,Default,Direct,CascadingMessages,58.1106 ns,0.4098 ns,0.3833 ns,0.0057,0.0000,72 B
MediatorBenchmarks.Direct,DirectBenchmarks,CascadingMessages,False,Default,Default,Default,Default,Default,Default,11111111111111111111,Empty,RyuJit,Default,X64,8c5e7fda-e8bf-4a96-9a85-a6e23a8c635c,.NET 10.0,False,True,False,True,Default,Default,False,False,False,Default,Default,Default,Default,Default,Default,Default,Default,Default,Default,Default,Default,Default,Default,Default,16,Default,Direct,CascadingMessages,52.8789 ns,0.0967 ns,0.0905 ns,0.0057,0.0000,72 B
MediatorBenchmarks.Direct,DirectBenchmarks,CascadingMessages,False,Default,Default,Default,Default,Default,Default,11111111111111111111,Empty,RyuJit,Default,X64,8c5e7fda-e8bf-4a96-9a85-a6e23a8c635c,.NET 11.0,False,True,False,True,Default,Default,False,False,False,Default,Default,Default,Default,Default,Default,Default,Default,Default,Default,Default,Default,Default,Default,Default,16,Default,Direct,CascadingMessages,24.8585 ns,0.0858 ns,0.0803 ns,0.0057,0.0000,72 B
MediatorBenchmarks.Direct,DirectBenchmarks,Command,False,Default,Default,Default,Default,Default,Default,11111111111111111111,Empty,RyuJit,Default,X64,8c5e7fda-e8bf-4a96-9a85-a6e23a8c635c,.NET 8.0,False,True,False,True,Default,Default,False,False,False,Default,Default,Default,Default,Default,Default,Default,Default,Default,Default,Default,Default,Default,Default,Default,16,Default,Direct,InvokeAsync,12.4526 ns,0.0194 ns,0.0181 ns,0.0000,0.0000,0 B
MediatorBenchmarks.Direct,DirectBenchmarks,Command,False,Default,Default,Default,Default,Default,Default,11111111111111111111,Empty,RyuJit,Default,X64,8c5e7fda-e8bf-4a96-9a85-a6e23a8c635c,.NET 10.0,False,True,False,True,Default,Default,False,False,False,Default,Default,Default,Default,Default,Default,Default,Default,Default,Default,Default,Default,Default,Default,Default,16,Default,Direct,InvokeAsync,11.0386 ns,0.0144 ns,0.0135 ns,0.0000,0.0000,0 B
MediatorBenchmarks.Direct,DirectBenchmarks,Command,False,Default,Default,Default,Default,Default,Default,11111111111111111111,Empty,RyuJit,Default,X64,8c5e7fda-e8bf-4a96-9a85-a6e23a8c635c,.NET 11.0,False,True,False,True,Default,Default,False,False,False,Default,Default,Default,Default,Default,Default,Default,Default,Default,Default,Default,Default,Default,Default,Default,16,Default,Direct,InvokeAsync,0.9767 ns,0.0065 ns,0.0058 ns,0.0000,0.0000,0 B
MediatorBenchmarks.Direct,DirectBenchmarks,Query,False,Default,Default,Default,Default,Default,Default,11111111111111111111,Empty,RyuJit,Default,X64,8c5e7fda-e8bf-4a96-9a85-a6e23a8c635c,.NET 8.0,False,True,False,True,Default,Default,False,False,False,Default,Default,Default,Default,Default,Default,Default,Default,Default,Default,Default,Default,Default,Default,Default,16,Default,Direct,InvokeAsyncT,38.9293 ns,0.1961 ns,0.1638 ns,0.0038,0.0000,48 B
MediatorBenchmarks.Direct,DirectBenchmarks,Query,False,Default,Default,Default,Default,Default,Default,11111111111111111111,Empty,RyuJit,Default,X64,8c5e7fda-e8bf-4a96-9a85-a6e23a8c635c,.NET 10.0,False,True,False,True,Default,Default,False,False,False,Default,Default,Default,Default,Default,Default,Default,Default,Default,Default,Default,Default,Default,Default,Default,16,Default,Direct,InvokeAsyncT,34.8730 ns,0.1217 ns,0.1138 ns,0.0038,0.0000,48 B
MediatorBenchmarks.Direct,DirectBenchmarks,Query,False,Default,Default,Default,Default,Default,Default,11111111111111111111,Empty,RyuJit,Default,X64,8c5e7fda-e8bf-4a96-9a85-a6e23a8c635c,.NET 11.0,False,True,False,True,Default,Default,False,False,False,Default,Default,Default,Default,Default,Default,Default,Default,Default,Default,Default,Default,Default,Default,Default,16,Default,Direct,InvokeAsyncT,22.8746 ns,0.0713 ns,0.0667 ns,0.0038,0.0000,48 B
MediatorBenchmarks.Direct,DirectBenchmarks,FullQuery,False,Default,Default,Default,Default,Default,Default,11111111111111111111,Empty,RyuJit,Default,X64,8c5e7fda-e8bf-4a96-9a85-a6e23a8c635c,.NET 8.0,False,True,False,True,Default,Default,False,False,False,Default,Default,Default,Default,Default,Default,Default,Default,Default,Default,Default,Default,Default,Default,Default,16,Default,Direct,InvokeAsyncTWithDI,66.4078 ns,0.0905 ns,0.0756 ns,0.0031,0.0000,40 B
MediatorBenchmarks.Direct,DirectBenchmarks,FullQuery,False,Default,Default,Default,Default,Default,Default,11111111111111111111,Empty,RyuJit,Default,X64,8c5e7fda-e8bf-4a96-9a85-a6e23a8c635c,.NET 10.0,False,True,False,True,Default,Default,False,False,False,Default,Default,Default,Default,Default,Default,Default,Default,Default,Default,Default,Default,Default,Default,Default,16,Default,Direct,InvokeAsyncTWithDI,55.4447 ns,0.0688 ns,0.0643 ns,0.0032,0.0000,40 B
MediatorBenchmarks.Direct,DirectBenchmarks,FullQuery,False,Default,Default,Default,Default,Default,Default,11111111111111111111,Empty,RyuJit,Default,X64,8c5e7fda-e8bf-4a96-9a85-a6e23a8c635c,.NET 11.0,False,True,False,True,Default,Default,False,False,False,Default,Default,Default,Default,Default,Default,Default,Default,Default,Default,Default,Default,Default,Default,Default,16,Default,Direct,InvokeAsyncTWithDI,32.8809 ns,0.0889 ns,0.0832 ns,0.0032,0.0000,40 B
MediatorBenchmarks.Direct,DirectBenchmarks,Publish,False,Default,Default,Default,Default,Default,Default,11111111111111111111,Empty,RyuJit,Default,X64,8c5e7fda-e8bf-4a96-9a85-a6e23a8c635c,.NET 8.0,False,True,False,True,Default,Default,False,False,False,Default,Default,Default,Default,Default,Default,Default,Default,Default,Default,Default,Default,Default,Default,Default,16,Default,Direct,Publish,15.2466 ns,0.2016 ns,0.1886 ns,0.0000,0.0000,0 B
MediatorBenchmarks.Direct,DirectBenchmarks,Publish,False,Default,Default,Default,Default,Default,Default,11111111111111111111,Empty,RyuJit,Default,X64,8c5e7fda-e8bf-4a96-9a85-a6e23a8c635c,.NET 10.0,False,True,False,True,Default,Default,False,False,False,Default,Default,Default,Default,Default,Default,Default,Default,Default,Default,Default,Default,Default,Default,Default,16,Default,Direct,Publish,12.6224 ns,0.0579 ns,0.0513 ns,0.0000,0.0000,0 B
MediatorBenchmarks.Direct,DirectBenchmarks,Publish,False,Default,Default,Default,Default,Default,Default,11111111111111111111,Empty,RyuJit,Default,X64,8c5e7fda-e8bf-4a96-9a85-a6e23a8c635c,.NET 11.0,False,True,False,True,Default,Default,False,False,False,Default,Default,Default,Default,Default,Default,Default,Default,Default,Default,Default,Default,Default,Default,Default,16,Default,Direct,Publish,0.8648 ns,0.0023 ns,0.0019 ns,0.0000,0.0000,0 B
MediatorBenchmarks.Direct,DirectBenchmarks,ShortCircuit,False,Default,Default,Default,Default,Default,Default,11111111111111111111,Empty,RyuJit,Default,X64,8c5e7fda-e8bf-4a96-9a85-a6e23a8c635c,.NET 8.0,False,True,False,True,Default,Default,False,False,False,Default,Default,Default,Default,Default,Default,Default,Default,Default,Default,Default,Default,Default,Default,Default,16,Default,Direct,ShortCircuit,10.3075 ns,0.0140 ns,0.0131 ns,0.0000,0.0000,0 B
MediatorBenchmarks.Direct,DirectBenchmarks,ShortCircuit,False,Default,Default,Default,Default,Default,Default,11111111111111111111,Empty,RyuJit,Default,X64,8c5e7fda-e8bf-4a96-9a85-a6e23a8c635c,.NET 10.0,False,True,False,True,Default,Default,False,False,False,Default,Default,Default,Default,Default,Default,Default,Default,Default,Default,Default,Default,Default,Default,Default,16,Default,Direct,ShortCircuit,9.3309 ns,0.0126 ns,0.0118 ns,0.0000,0.0000,0 B
MediatorBenchmarks.Direct,DirectBenchmarks,ShortCircuit,False,Default,Default,Default,Default,Default,Default,11111111111111111111,Empty,RyuJit,Default,X64,8c5e7fda-e8bf-4a96-9a85-a6e23a8c635c,.NET 11.0,False,True,False,True,Default,Default,False,False,False,Default,Default,Default,Default,Default,Default,Default,Default,Default,Default,Default,Default,Default,Default,Default,16,Default,Direct,ShortCircuit,1.9303 ns,0.0025 ns,0.0022 ns,0.0000,0.0000,0 B
MediatorBenchmarks.DispatchR,DispatchRBenchmarks,CascadingMessages,False,Default,Default,Default,Default,Default,Default,11111111111111111111,Empty,RyuJit,Default,X64,8c5e7fda-e8bf-4a96-9a85-a6e23a8c635c,.NET 8.0,False,True,False,True,Default,Default,False,False,False,Default,Default,Default,Default,Default,Default,Default,Default,Default,Default,Default,Default,Default,Default,Default,16,Default,DispatchR,CascadingMessages,110.6940 ns,0.2169 ns,0.1923 ns,0.0057,0.0000,72 B
MediatorBenchmarks.DispatchR,DispatchRBenchmarks,CascadingMessages,False,Default,Default,Default,Default,Default,Default,11111111111111111111,Empty,RyuJit,Default,X64,8c5e7fda-e8bf-4a96-9a85-a6e23a8c635c,.NET 10.0,False,True,False,True,Default,Default,False,False,False,Default,Default,Default,Default,Default,Default,Default,Default,Default,Default,Default,Default,Default,Default,Default,16,Default,DispatchR,CascadingMessages,92.3714 ns,0.2017 ns,0.1887 ns,0.0057,0.0000,72 B
MediatorBenchmarks.DispatchR,DispatchRBenchmarks,CascadingMessages,False,Default,Default,Default,Default,Default,Default,11111111111111111111,Empty,RyuJit,Default,X64,8c5e7fda-e8bf-4a96-9a85-a6e23a8c635c,.NET 11.0,False,True,False,True,Default,Default,False,False,False,Default,Default,Default,Default,Default,Default,Default,Default,Default,Default,Default,Default,Default,Default,Default,16,Default,DispatchR,CascadingMessages,88.1776 ns,0.1799 ns,0.1682 ns,0.0057,0.0000,72 B
MediatorBenchmarks.DispatchR,DispatchRBenchmarks,Command,False,Default,Default,Default,Default,Default,Default,11111111111111111111,Empty,RyuJit,Default,X64,8c5e7fda-e8bf-4a96-9a85-a6e23a8c635c,.NET 8.0,False,True,False,True,Default,Default,False,False,False,Default,Default,Default,Default,Default,Default,Default,Default,Default,Default,Default,Default,Default,Default,Default,16,Default,DispatchR,InvokeAsync,31.0833 ns,0.0437 ns,0.0387 ns,0.0000,0.0000,0 B
MediatorBenchmarks.DispatchR,DispatchRBenchmarks,Command,False,Default,Default,Default,Default,Default,Default,11111111111111111111,Empty,RyuJit,Default,X64,8c5e7fda-e8bf-4a96-9a85-a6e23a8c635c,.NET 10.0,False,True,False,True,Default,Default,False,False,False,Default,Default,Default,Default,Default,Default,Default,Default,Default,Default,Default,Default,Default,Default,Default,16,Default,DispatchR,InvokeAsync,24.9727 ns,0.0467 ns,0.0390 ns,0.0000,0.0000,0 B
MediatorBenchmarks.DispatchR,DispatchRBenchmarks,Command,False,Default,Default,Default,Default,Default,Default,11111111111111111111,Empty,RyuJit,Default,X64,8c5e7fda-e8bf-4a96-9a85-a6e23a8c635c,.NET 11.0,False,True,False,True,Default,Default,False,False,False,Default,Default,Default,Default,Default,Default,Default,Default,Default,Default,Default,Default,Default,Default,Default,16,Default,DispatchR,InvokeAsync,20.6877 ns,0.0292 ns,0.0259 ns,0.0000,0.0000,0 B
MediatorBenchmarks.DispatchR,DispatchRBenchmarks,Query,False,Default,Default,Default,Default,Default,Default,11111111111111111111,Empty,RyuJit,Default,X64,8c5e7fda-e8bf-4a96-9a85-a6e23a8c635c,.NET 8.0,False,True,False,True,Default,Default,False,False,False,Default,Default,Default,Default,Default,Default,Default,Default,Default,Default,Default,Default,Default,Default,Default,16,Default,DispatchR,InvokeAsyncT,62.7717 ns,0.7294 ns,1.0225 ns,0.0038,0.0000,48 B
MediatorBenchmarks.DispatchR,DispatchRBenchmarks,Query,False,Default,Default,Default,Default,Default,Default,11111111111111111111,Empty,RyuJit,Default,X64,8c5e7fda-e8bf-4a96-9a85-a6e23a8c635c,.NET 10.0,False,True,False,True,Default,Default,False,False,False,Default,Default,Default,Default,Default,Default,Default,Default,Default,Default,Default,Default,Default,Default,Default,16,Default,DispatchR,InvokeAsyncT,55.2636 ns,0.1499 ns,0.1402 ns,0.0038,0.0000,48 B
MediatorBenchmarks.DispatchR,DispatchRBenchmarks,Query,False,Default,Default,Default,Default,Default,Default,11111111111111111111,Empty,RyuJit,Default,X64,8c5e7fda-e8bf-4a96-9a85-a6e23a8c635c,.NET 11.0,False,True,False,True,Default,Default,False,False,False,Default,Default,Default,Default,Default,Default,Default,Default,Default,Default,Default,Default,Default,Default,Default,16,Default,DispatchR,InvokeAsyncT,47.7985 ns,0.1209 ns,0.1131 ns,0.0038,0.0000,48 B
MediatorBenchmarks.DispatchR,DispatchRBenchmarks,FullQuery,False,Default,Default,Default,Default,Default,Default,11111111111111111111,Empty,RyuJit,Default,X64,8c5e7fda-e8bf-4a96-9a85-a6e23a8c635c,.NET 8.0,False,True,False,True,Default,Default,False,False,False,Default,Default,Default,Default,Default,Default,Default,Default,Default,Default,Default,Default,Default,Default,Default,16,Default,DispatchR,InvokeAsyncTWithDI,100.4978 ns,0.2678 ns,0.2505 ns,0.0031,0.0000,40 B
MediatorBenchmarks.DispatchR,DispatchRBenchmarks,FullQuery,False,Default,Default,Default,Default,Default,Default,11111111111111111111,Empty,RyuJit,Default,X64,8c5e7fda-e8bf-4a96-9a85-a6e23a8c635c,.NET 10.0,False,True,False,True,Default,Default,False,False,False,Default,Default,Default,Default,Default,Default,Default,Default,Default,Default,Default,Default,Default,Default,Default,16,Default,DispatchR,InvokeAsyncTWithDI,85.2193 ns,0.1666 ns,0.1477 ns,0.0031,0.0000,40 B
MediatorBenchmarks.DispatchR,DispatchRBenchmarks,FullQuery,False,Default,Default,Default,Default,Default,Default,11111111111111111111,Empty,RyuJit,Default,X64,8c5e7fda-e8bf-4a96-9a85-a6e23a8c635c,.NET 11.0,False,True,False,True,Default,Default,False,False,False,Default,Default,Default,Default,Default,Default,Default,Default,Default,Default,Default,Default,Default,Default,Default,16,Default,DispatchR,InvokeAsyncTWithDI,73.2588 ns,0.2354 ns,0.2202 ns,0.0031,0.0000,40 B
MediatorBenchmarks.DispatchR,DispatchRBenchmarks,Publish,False,Default,Default,Default,Default,Default,Default,11111111111111111111,Empty,RyuJit,Default,X64,8c5e7fda-e8bf-4a96-9a85-a6e23a8c635c,.NET 8.0,False,True,False,True,Default,Default,False,False,False,Default,Default,Default,Default,Default,Default,Default,Default,Default,Default,Default,Default,Default,Default,Default,16,Default,DispatchR,Publish,44.7954 ns,0.0968 ns,0.0858 ns,0.0000,0.0000,0 B
MediatorBenchmarks.DispatchR,DispatchRBenchmarks,Publish,False,Default,Default,Default,Default,Default,Default,11111111111111111111,Empty,RyuJit,Default,X64,8c5e7fda-e8bf-4a96-9a85-a6e23a8c635c,.NET 10.0,False,True,False,True,Default,Default,False,False,False,Default,Default,Default,Default,Default,Default,Default,Default,Default,Default,Default,Default,Default,Default,Default,16,Default,DispatchR,Publish,36.1721 ns,0.0403 ns,0.0336 ns,0.0000,0.0000,0 B
MediatorBenchmarks.DispatchR,DispatchRBenchmarks,Publish,False,Default,Default,Default,Default,Default,Default,11111111111111111111,Empty,RyuJit,Default,X64,8c5e7fda-e8bf-4a96-9a85-a6e23a8c635c,.NET 11.0,False,True,False,True,Default,Default,False,False,False,Default,Default,Default,Default,Default,Default,Default,Default,Default,Default,Default,Default,Default,Default,Default,16,Default,DispatchR,Publish,35.5907 ns,0.0580 ns,0.0542 ns,0.0000,0.0000,0 B
MediatorBenchmarks.DispatchR,DispatchRBenchmarks,ShortCircuit,False,Default,Default,Default,Default,Default,Default,11111111111111111111,Empty,RyuJit,Default,X64,8c5e7fda-e8bf-4a96-9a85-a6e23a8c635c,.NET 8.0,False,True,False,True,Default,Default,False,False,False,Default,Default,Default,Default,Default,Default,Default,Default,Default,Default,Default,Default,Default,Default,Default,16,Default,DispatchR,ShortCircuit,37.4888 ns,0.1336 ns,0.1250 ns,0.0000,0.0000,0 B
MediatorBenchmarks.DispatchR,DispatchRBenchmarks,ShortCircuit,False,Default,Default,Default,Default,Default,Default,11111111111111111111,Empty,RyuJit,Default,X64,8c5e7fda-e8bf-4a96-9a85-a6e23a8c635c,.NET 10.0,False,True,False,True,Default,Default,False,False,False,Default,Default,Default,Default,Default,Default,Default,Default,Default,Default,Default,Default,Default,Default,Default,16,Default,DispatchR,ShortCircuit,25.8809 ns,0.0238 ns,0.0211 ns,0.0000,0.0000,0 B
MediatorBenchmarks.DispatchR,DispatchRBenchmarks,ShortCircuit,False,Default,Default,Default,Default,Default,Default,11111111111111111111,Empty,RyuJit,Default,X64,8c5e7fda-e8bf-4a96-9a85-a6e23a8c635c,.NET 11.0,False,True,False,True,Default,Default,False,False,False,Default,Default,Default,Default,Default,Default,Default,Default,Default,Default,Default,Default,Default,Default,Default,16,Default,DispatchR,ShortCircuit,21.7858 ns,0.0277 ns,0.0259 ns,0.0000,0.0000,0 B
MediatorBenchmarks.FoundatioMediator,FoundatioMediatorBenchmarks,CascadingMessages,False,Default,Default,Default,Default,Default,Default,11111111111111111111,Empty,RyuJit,Default,X64,8c5e7fda-e8bf-4a96-9a85-a6e23a8c635c,.NET 8.0,False,True,False,True,Default,Default,False,False,False,Default,Default,Default,Default,Default,Default,Default,Default,Default,Default,Default,Default,Default,Default,Default,16,Default,Foundatio.Mediator,CascadingMessages,153.6728 ns,0.3311 ns,0.3097 ns,0.0114,0.0000,144 B
MediatorBenchmarks.FoundatioMediator,FoundatioMediatorBenchmarks,CascadingMessages,False,Default,Default,Default,Default,Default,Default,11111111111111111111,Empty,RyuJit,Default,X64,8c5e7fda-e8bf-4a96-9a85-a6e23a8c635c,.NET 10.0,False,True,False,True,Default,Default,False,False,False,Default,Default,Default,Default,Default,Default,Default,Default,Default,Default,Default,Default,Default,Default,Default,16,Default,Foundatio.Mediator,CascadingMessages,107.6519 ns,0.3547 ns,0.3318 ns,0.0114,0.0000,144 B
MediatorBenchmarks.FoundatioMediator,FoundatioMediatorBenchmarks,CascadingMessages,False,Default,Default,Default,Default,Default,Default,11111111111111111111,Empty,RyuJit,Default,X64,8c5e7fda-e8bf-4a96-9a85-a6e23a8c635c,.NET 11.0,False,True,False,True,Default,Default,False,False,False,Default,Default,Default,Default,Default,Default,Default,Default,Default,Default,Default,Default,Default,Default,Default,16,Default,Foundatio.Mediator,CascadingMessages,85.1638 ns,0.3029 ns,0.2833 ns,0.0114,0.0000,144 B
MediatorBenchmarks.FoundatioMediator,FoundatioMediatorBenchmarks,Command,False,Default,Default,Default,Default,Default,Default,11111111111111111111,Empty,RyuJit,Default,X64,8c5e7fda-e8bf-4a96-9a85-a6e23a8c635c,.NET 8.0,False,True,False,True,Default,Default,False,False,False,Default,Default,Default,Default,Default,Default,Default,Default,Default,Default,Default,Default,Default,Default,Default,16,Default,Foundatio.Mediator,InvokeAsync,35.3970 ns,0.0950 ns,0.0842 ns,0.0019,0.0000,24 B
MediatorBenchmarks.FoundatioMediator,FoundatioMediatorBenchmarks,Command,False,Default,Default,Default,Default,Default,Default,11111111111111111111,Empty,RyuJit,Default,X64,8c5e7fda-e8bf-4a96-9a85-a6e23a8c635c,.NET 10.0,False,True,False,True,Default,Default,False,False,False,Default,Default,Default,Default,Default,Default,Default,Default,Default,Default,Default,Default,Default,Default,Default,16,Default,Foundatio.Mediator,InvokeAsync,21.5751 ns,0.0820 ns,0.0767 ns,0.0019,0.0000,24 B
MediatorBenchmarks.FoundatioMediator,FoundatioMediatorBenchmarks,Command,False,Default,Default,Default,Default,Default,Default,11111111111111111111,Empty,RyuJit,Default,X64,8c5e7fda-e8bf-4a96-9a85-a6e23a8c635c,.NET 11.0,False,True,False,True,Default,Default,False,False,False,Default,Default,Default,Default,Default,Default,Default,Default,Default,Default,Default,Default,Default,Default,Default,16,Default,Foundatio.Mediator,InvokeAsync,14.0770 ns,0.0608 ns,0.0569 ns,0.0019,0.0000,24 B
MediatorBenchmarks.FoundatioMediator,FoundatioMediatorBenchmarks,Query,False,Default,Default,Default,Default,Default,Default,11111111111111111111,Empty,RyuJit,Default,X64,8c5e7fda-e8bf-4a96-9a85-a6e23a8c635c,.NET 8.0,False,True,False,True,Default,Default,False,False,False,Default,Default,Default,Default,Default,Default,Default,Default,Default,Default,Default,Default,Default,Default,Default,16,Default,Foundatio.Mediator,InvokeAsyncT,66.1105 ns,0.1704 ns,0.1594 ns,0.0057,0.0000,72 B
MediatorBenchmarks.FoundatioMediator,FoundatioMediatorBenchmarks,Query,False,Default,Default,Default,Default,Default,Default,11111111111111111111,Empty,RyuJit,Default,X64,8c5e7fda-e8bf-4a96-9a85-a6e23a8c635c,.NET 10.0,False,True,False,True,Default,Default,False,False,False,Default,Default,Default,Default,Default,Default,Default,Default,Default,Default,Default,Default,Default,Default,Default,16,Default,Foundatio.Mediator,InvokeAsyncT,51.8124 ns,0.1765 ns,0.1565 ns,0.0057,0.0000,72 B
MediatorBenchmarks.FoundatioMediator,FoundatioMediatorBenchmarks,Query,False,Default,Default,Default,Default,Default,Default,11111111111111111111,Empty,RyuJit,Default,X64,8c5e7fda-e8bf-4a96-9a85-a6e23a8c635c,.NET 11.0,False,True,False,True,Default,Default,False,False,False,Default,Default,Default,Default,Default,Default,Default,Default,Default,Default,Default,Default,Default,Default,Default,16,Default,Foundatio.Mediator,InvokeAsyncT,40.9700 ns,0.0764 ns,0.0638 ns,0.0057,0.0000,72 B
MediatorBenchmarks.FoundatioMediator,FoundatioMediatorBenchmarks,FullQuery,False,Default,Default,Default,Default,Default,Default,11111111111111111111,Empty,RyuJit,Default,X64,8c5e7fda-e8bf-4a96-9a85-a6e23a8c635c,.NET 8.0,False,True,False,True,Default,Default,False,False,False,Default,Default,Default,Default,Default,Default,Default,Default,Default,Default,Default,Default,Default,Default,Default,16,Default,Foundatio.Mediator,InvokeAsyncTWithDI,107.2938 ns,0.3204 ns,0.2675 ns,0.0050,0.0000,64 B
MediatorBenchmarks.FoundatioMediator,FoundatioMediatorBenchmarks,FullQuery,False,Default,Default,Default,Default,Default,Default,11111111111111111111,Empty,RyuJit,Default,X64,8c5e7fda-e8bf-4a96-9a85-a6e23a8c635c,.NET 10.0,False,True,False,True,Default,Default,False,False,False,Default,Default,Default,Default,Default,Default,Default,Default,Default,Default,Default,Default,Default,Default,Default,16,Default,Foundatio.Mediator,InvokeAsyncTWithDI,76.3686 ns,0.1102 ns,0.0861 ns,0.0050,0.0000,64 B
MediatorBenchmarks.FoundatioMediator,FoundatioMediatorBenchmarks,FullQuery,False,Default,Default,Default,Default,Default,Default,11111111111111111111,Empty,RyuJit,Default,X64,8c5e7fda-e8bf-4a96-9a85-a6e23a8c635c,.NET 11.0,False,True,False,True,Default,Default,False,False,False,Default,Default,Default,Default,Default,Default,Default,Default,Default,Default,Default,Default,Default,Default,Default,16,Default,Foundatio.Mediator,InvokeAsyncTWithDI,59.6983 ns,0.1802 ns,0.1685 ns,0.0051,0.0000,64 B
MediatorBenchmarks.FoundatioMediator,FoundatioMediatorBenchmarks,Publish,False,Default,Default,Default,Default,Default,Default,11111111111111111111,Empty,RyuJit,Default,X64,8c5e7fda-e8bf-4a96-9a85-a6e23a8c635c,.NET 8.0,False,True,False,True,Default,Default,False,False,False,Default,Default,Default,Default,Default,Default,Default,Default,Default,Default,Default,Default,Default,Default,Default,16,Default,Foundatio.Mediator,Publish,83.8457 ns,0.1892 ns,0.1770 ns,0.0038,0.0000,48 B
MediatorBenchmarks.FoundatioMediator,FoundatioMediatorBenchmarks,Publish,False,Default,Default,Default,Default,Default,Default,11111111111111111111,Empty,RyuJit,Default,X64,8c5e7fda-e8bf-4a96-9a85-a6e23a8c635c,.NET 10.0,False,True,False,True,Default,Default,False,False,False,Default,Default,Default,Default,Default,Default,Default,Default,Default,Default,Default,Default,Default,Default,Default,16,Default,Foundatio.Mediator,Publish,57.5876 ns,0.2908 ns,0.2429 ns,0.0038,0.0000,48 B
MediatorBenchmarks.FoundatioMediator,FoundatioMediatorBenchmarks,Publish,False,Default,Default,Default,Default,Default,Default,11111111111111111111,Empty,RyuJit,Default,X64,8c5e7fda-e8bf-4a96-9a85-a6e23a8c635c,.NET 11.0,False,True,False,True,Default,Default,False,False,False,Default,Default,Default,Default,Default,Default,Default,Default,Default,Default,Default,Default,Default,Default,Default,16,Default,Foundatio.Mediator,Publish,41.2088 ns,0.5446 ns,0.5095 ns,0.0038,0.0000,48 B
MediatorBenchmarks.FoundatioMediator,FoundatioMediatorBenchmarks,ShortCircuit,False,Default,Default,Default,Default,Default,Default,11111111111111111111,Empty,RyuJit,Default,X64,8c5e7fda-e8bf-4a96-9a85-a6e23a8c635c,.NET 8.0,False,True,False,True,Default,Default,False,False,False,Default,Default,Default,Default,Default,Default,Default,Default,Default,Default,Default,Default,Default,Default,Default,16,Default,Foundatio.Mediator,ShortCircuit,46.4684 ns,0.3495 ns,0.3098 ns,0.0000,0.0000,0 B
MediatorBenchmarks.FoundatioMediator,FoundatioMediatorBenchmarks,ShortCircuit,False,Default,Default,Default,Default,Default,Default,11111111111111111111,Empty,RyuJit,Default,X64,8c5e7fda-e8bf-4a96-9a85-a6e23a8c635c,.NET 10.0,False,True,False,True,Default,Default,False,False,False,Default,Default,Default,Default,Default,Default,Default,Default,Default,Default,Default,Default,Default,Default,Default,16,Default,Foundatio.Mediator,ShortCircuit,33.0044 ns,0.1060 ns,0.0885 ns,0.0000,0.0000,0 B
MediatorBenchmarks.FoundatioMediator,FoundatioMediatorBenchmarks,ShortCircuit,False,Default,Default,Default,Default,Default,Default,11111111111111111111,Empty,RyuJit,Default,X64,8c5e7fda-e8bf-4a96-9a85-a6e23a8c635c,.NET 11.0,False,True,False,True,Default,Default,False,False,False,Default,Default,Default,Default,Default,Default,Default,Default,Default,Default,Default,Default,Default,Default,Default,16,Default,Foundatio.Mediator,ShortCircuit,13.5113 ns,0.0164 ns,0.0146 ns,0.0000,0.0000,0 B
MediatorBenchmarks.ImmediateHandlers,ImmediateHandlersBenchmarks,CascadingMessages,False,Default,Default,Default,Default,Default,Default,11111111111111111111,Empty,RyuJit,Default,X64,8c5e7fda-e8bf-4a96-9a85-a6e23a8c635c,.NET 8.0,False,True,False,True,Default,Default,False,False,False,Default,Default,Default,Default,Default,Default,Default,Default,Default,Default,Default,Default,Default,Default,Default,16,Default,Immediate.Handlers,CascadingMessages,120.4262 ns,0.2771 ns,0.2592 ns,0.0081,0.0000,104 B
MediatorBenchmarks.ImmediateHandlers,ImmediateHandlersBenchmarks,CascadingMessages,False,Default,Default,Default,Default,Default,Default,11111111111111111111,Empty,RyuJit,Default,X64,8c5e7fda-e8bf-4a96-9a85-a6e23a8c635c,.NET 10.0,False,True,False,True,Default,Default,False,False,False,Default,Default,Default,Default,Default,Default,Default,Default,Default,Default,Default,Default,Default,Default,Default,16,Default,Immediate.Handlers,CascadingMessages,108.3376 ns,0.2182 ns,0.1935 ns,0.0082,0.0000,104 B
MediatorBenchmarks.ImmediateHandlers,ImmediateHandlersBenchmarks,CascadingMessages,False,Default,Default,Default,Default,Default,Default,11111111111111111111,Empty,RyuJit,Default,X64,8c5e7fda-e8bf-4a96-9a85-a6e23a8c635c,.NET 11.0,False,True,False,True,Default,Default,False,False,False,Default,Default,Default,Default,Default,Default,Default,Default,Default,Default,Default,Default,Default,Default,Default,16,Default,Immediate.Handlers,CascadingMessages,60.8781 ns,0.2760 ns,0.2582 ns,0.0082,0.0000,104 B
MediatorBenchmarks.ImmediateHandlers,ImmediateHandlersBenchmarks,Command,False,Default,Default,Default,Default,Default,Default,11111111111111111111,Empty,RyuJit,Default,X64,8c5e7fda-e8bf-4a96-9a85-a6e23a8c635c,.NET 8.0,False,True,False,True,Default,Default,False,False,False,Default,Default,Default,Default,Default,Default,Default,Default,Default,Default,Default,Default,Default,Default,Default,16,Default,Immediate.Handlers,InvokeAsync,23.8084 ns,0.0226 ns,0.0212 ns,0.0000,0.0000,0 B
MediatorBenchmarks.ImmediateHandlers,ImmediateHandlersBenchmarks,Command,False,Default,Default,Default,Default,Default,Default,11111111111111111111,Empty,RyuJit,Default,X64,8c5e7fda-e8bf-4a96-9a85-a6e23a8c635c,.NET 10.0,False,True,False,True,Default,Default,False,False,False,Default,Default,Default,Default,Default,Default,Default,Default,Default,Default,Default,Default,Default,Default,Default,16,Default,Immediate.Handlers,InvokeAsync,19.7731 ns,0.0208 ns,0.0184 ns,0.0000,0.0000,0 B
MediatorBenchmarks.ImmediateHandlers,ImmediateHandlersBenchmarks,Command,False,Default,Default,Default,Default,Default,Default,11111111111111111111,Empty,RyuJit,Default,X64,8c5e7fda-e8bf-4a96-9a85-a6e23a8c635c,.NET 11.0,False,True,False,True,Default,Default,False,False,False,Default,Default,Default,Default,Default,Default,Default,Default,Default,Default,Default,Default,Default,Default,Default,16,Default,Immediate.Handlers,InvokeAsync,2.3605 ns,0.0022 ns,0.0020 ns,0.0000,0.0000,0 B
MediatorBenchmarks.ImmediateHandlers,ImmediateHandlersBenchmarks,Query,False,Default,Default,Default,Default,Default,Default,11111111111111111111,Empty,RyuJit,Default,X64,8c5e7fda-e8bf-4a96-9a85-a6e23a8c635c,.NET 8.0,False,True,False,True,Default,Default,False,False,False,Default,Default,Default,Default,Default,Default,Default,Default,Default,Default,Default,Default,Default,Default,Default,16,Default,Immediate.Handlers,InvokeAsyncT,47.4652 ns,0.2234 ns,0.1744 ns,0.0038,0.0000,48 B
MediatorBenchmarks.ImmediateHandlers,ImmediateHandlersBenchmarks,Query,False,Default,Default,Default,Default,Default,Default,11111111111111111111,Empty,RyuJit,Default,X64,8c5e7fda-e8bf-4a96-9a85-a6e23a8c635c,.NET 10.0,False,True,False,True,Default,Default,False,False,False,Default,Default,Default,Default,Default,Default,Default,Default,Default,Default,Default,Default,Default,Default,Default,16,Default,Immediate.Handlers,InvokeAsyncT,42.7614 ns,0.1194 ns,0.1059 ns,0.0038,0.0000,48 B
MediatorBenchmarks.ImmediateHandlers,ImmediateHandlersBenchmarks,Query,False,Default,Default,Default,Default,Default,Default,11111111111111111111,Empty,RyuJit,Default,X64,8c5e7fda-e8bf-4a96-9a85-a6e23a8c635c,.NET 11.0,False,True,False,True,Default,Default,False,False,False,Default,Default,Default,Default,Default,Default,Default,Default,Default,Default,Default,Default,Default,Default,Default,16,Default,Immediate.Handlers,InvokeAsyncT,24.1921 ns,0.0680 ns,0.0636 ns,0.0038,0.0000,48 B
MediatorBenchmarks.ImmediateHandlers,ImmediateHandlersBenchmarks,FullQuery,False,Default,Default,Default,Default,Default,Default,11111111111111111111,Empty,RyuJit,Default,X64,8c5e7fda-e8bf-4a96-9a85-a6e23a8c635c,.NET 8.0,False,True,False,True,Default,Default,False,False,False,Default,Default,Default,Default,Default,Default,Default,Default,Default,Default,Default,Default,Default,Default,Default,16,Default,Immediate.Handlers,InvokeAsyncTWithDI,86.4343 ns,0.1495 ns,0.1325 ns,0.0031,0.0000,40 B
MediatorBenchmarks.ImmediateHandlers,ImmediateHandlersBenchmarks,FullQuery,False,Default,Default,Default,Default,Default,Default,11111111111111111111,Empty,RyuJit,Default,X64,8c5e7fda-e8bf-4a96-9a85-a6e23a8c635c,.NET 10.0,False,True,False,True,Default,Default,False,False,False,Default,Default,Default,Default,Default,Default,Default,Default,Default,Default,Default,Default,Default,Default,Default,16,Default,Immediate.Handlers,InvokeAsyncTWithDI,70.1635 ns,0.1550 ns,0.1374 ns,0.0031,0.0000,40 B
MediatorBenchmarks.ImmediateHandlers,ImmediateHandlersBenchmarks,FullQuery,False,Default,Default,Default,Default,Default,Default,11111111111111111111,Empty,RyuJit,Default,X64,8c5e7fda-e8bf-4a96-9a85-a6e23a8c635c,.NET 11.0,False,True,False,True,Default,Default,False,False,False,Default,Default,Default,Default,Default,Default,Default,Default,Default,Default,Default,Default,Default,Default,Default,16,Default,Immediate.Handlers,InvokeAsyncTWithDI,48.4441 ns,0.1384 ns,0.1295 ns,0.0032,0.0000,40 B
MediatorBenchmarks.ImmediateHandlers,ImmediateHandlersBenchmarks,Publish,False,Default,Default,Default,Default,Default,Default,11111111111111111111,Empty,RyuJit,Default,X64,8c5e7fda-e8bf-4a96-9a85-a6e23a8c635c,.NET 8.0,False,True,False,True,Default,Default,False,False,False,Default,Default,Default,Default,Default,Default,Default,Default,Default,Default,Default,Default,Default,Default,Default,16,Default,Immediate.Handlers,Publish,68.0646 ns,0.1960 ns,0.1737 ns,0.0025,0.0000,32 B
MediatorBenchmarks.ImmediateHandlers,ImmediateHandlersBenchmarks,Publish,False,Default,Default,Default,Default,Default,Default,11111111111111111111,Empty,RyuJit,Default,X64,8c5e7fda-e8bf-4a96-9a85-a6e23a8c635c,.NET 10.0,False,True,False,True,Default,Default,False,False,False,Default,Default,Default,Default,Default,Default,Default,Default,Default,Default,Default,Default,Default,Default,Default,16,Default,Immediate.Handlers,Publish,58.4185 ns,0.1374 ns,0.1285 ns,0.0025,0.0000,32 B
MediatorBenchmarks.ImmediateHandlers,ImmediateHandlersBenchmarks,Publish,False,Default,Default,Default,Default,Default,Default,11111111111111111111,Empty,RyuJit,Default,X64,8c5e7fda-e8bf-4a96-9a85-a6e23a8c635c,.NET 11.0,False,True,False,True,Default,Default,False,False,False,Default,Default,Default,Default,Default,Default,Default,Default,Default,Default,Default,Default,Default,Default,Default,16,Default,Immediate.Handlers,Publish,25.5478 ns,0.0667 ns,0.0521 ns,0.0025,0.0000,32 B
MediatorBenchmarks.ImmediateHandlers,ImmediateHandlersBenchmarks,ShortCircuit,False,Default,Default,Default,Default,Default,Default,11111111111111111111,Empty,RyuJit,Default,X64,8c5e7fda-e8bf-4a96-9a85-a6e23a8c635c,.NET 8.0,False,True,False,True,Default,Default,False,False,False,Default,Default,Default,Default,Default,Default,Default,Default,Default,Default,Default,Default,Default,Default,Default,16,Default,Immediate.Handlers,ShortCircuit,19.7860 ns,0.1140 ns,0.1011 ns,0.0000,0.0000,0 B
MediatorBenchmarks.ImmediateHandlers,ImmediateHandlersBenchmarks,ShortCircuit,False,Default,Default,Default,Default,Default,Default,11111111111111111111,Empty,RyuJit,Default,X64,8c5e7fda-e8bf-4a96-9a85-a6e23a8c635c,.NET 10.0,False,True,False,True,Default,Default,False,False,False,Default,Default,Default,Default,Default,Default,Default,Default,Default,Default,Default,Default,Default,Default,Default,16,Default,Immediate.Handlers,ShortCircuit,19.3960 ns,0.1104 ns,0.0979 ns,0.0000,0.0000,0 B
MediatorBenchmarks.ImmediateHandlers,ImmediateHandlersBenchmarks,ShortCircuit,False,Default,Default,Default,Default,Default,Default,11111111111111111111,Empty,RyuJit,Default,X64,8c5e7fda-e8bf-4a96-9a85-a6e23a8c635c,.NET 11.0,False,True,False,True,Default,Default,False,False,False,Default,Default,Default,Default,Default,Default,Default,Default,Default,Default,Default,Default,Default,Default,Default,16,Default,Immediate.Handlers,ShortCircuit,2.5728 ns,0.0034 ns,0.0032 ns,0.0000,0.0000,0 B
MediatorBenchmarks.MassTransit,MassTransitBenchmarks,CascadingMessages,False,Default,Default,Default,Default,Default,Default,11111111111111111111,Empty,RyuJit,Default,X64,8c5e7fda-e8bf-4a96-9a85-a6e23a8c635c,.NET 8.0,False,True,False,True,Default,Default,False,False,False,Default,Default,Default,Default,Default,Default,Default,Default,Default,Default,Default,Default,Default,Default,Default,16,Default,MassTransit,CascadingMessages,"34,179.7782 ns",160.0169 ns,149.6799 ns,1.7090,0.0610,21680 B
MediatorBenchmarks.MassTransit,MassTransitBenchmarks,CascadingMessages,False,Default,Default,Default,Default,Default,Default,11111111111111111111,Empty,RyuJit,Default,X64,8c5e7fda-e8bf-4a96-9a85-a6e23a8c635c,.NET 10.0,False,True,False,True,Default,Default,False,False,False,Default,Default,Default,Default,Default,Default,Default,Default,Default,Default,Default,Default,Default,Default,Default,16,Default,MassTransit,CascadingMessages,"28,631.1624 ns",186.5853 ns,155.8072 ns,1.6785,0.0610,21184 B
MediatorBenchmarks.MassTransit,MassTransitBenchmarks,CascadingMessages,False,Default,Default,Default,Default,Default,Default,11111111111111111111,Empty,RyuJit,Default,X64,8c5e7fda-e8bf-4a96-9a85-a6e23a8c635c,.NET 11.0,False,True,False,True,Default,Default,False,False,False,Default,Default,Default,Default,Default,Default,Default,Default,Default,Default,Default,Default,Default,Default,Default,16,Default,MassTransit,CascadingMessages,"33,409.3908 ns",654.6435 ns,851.2216 ns,1.6479,0.0610,21032 B
MediatorBenchmarks.MassTransit,MassTransitBenchmarks,Command,False,Default,Default,Default,Default,Default,Default,11111111111111111111,Empty,RyuJit,Default,X64,8c5e7fda-e8bf-4a96-9a85-a6e23a8c635c,.NET 8.0,False,True,False,True,Default,Default,False,False,False,Default,Default,Default,Default,Default,Default,Default,Default,Default,Default,Default,Default,Default,Default,Default,16,Default,MassTransit,InvokeAsync,"2,390.1137 ns",9.0012 ns,8.4198 ns,0.3967,0.0000,5024 B
MediatorBenchmarks.MassTransit,MassTransitBenchmarks,Command,False,Default,Default,Default,Default,Default,Default,11111111111111111111,Empty,RyuJit,Default,X64,8c5e7fda-e8bf-4a96-9a85-a6e23a8c635c,.NET 10.0,False,True,False,True,Default,Default,False,False,False,Default,Default,Default,Default,Default,Default,Default,Default,Default,Default,Default,Default,Default,Default,Default,16,Default,MassTransit,InvokeAsync,"1,963.8265 ns",9.0492 ns,8.0219 ns,0.3929,0.0038,4960 B
MediatorBenchmarks.MassTransit,MassTransitBenchmarks,Command,False,Default,Default,Default,Default,Default,Default,11111111111111111111,Empty,RyuJit,Default,X64,8c5e7fda-e8bf-4a96-9a85-a6e23a8c635c,.NET 11.0,False,True,False,True,Default,Default,False,False,False,Default,Default,Default,Default,Default,Default,Default,Default,Default,Default,Default,Default,Default,Default,Default,16,Default,MassTransit,InvokeAsync,"2,158.9541 ns",7.7517 ns,6.8717 ns,0.3929,0.0038,4960 B
MediatorBenchmarks.MassTransit,MassTransitBenchmarks,Query,False,Default,Default,Default,Default,Default,Default,11111111111111111111,Empty,RyuJit,Default,X64,8c5e7fda-e8bf-4a96-9a85-a6e23a8c635c,.NET 8.0,False,True,False,True,Default,Default,False,False,False,Default,Default,Default,Default,Default,Default,Default,Default,Default,Default,Default,Default,Default,Default,Default,16,Default,MassTransit,InvokeAsyncT,"25,324.5213 ns",138.5639 ns,129.6127 ns,1.0681,0.0305,13696 B
MediatorBenchmarks.MassTransit,MassTransitBenchmarks,Query,False,Default,Default,Default,Default,Default,Default,11111111111111111111,Empty,RyuJit,Default,X64,8c5e7fda-e8bf-4a96-9a85-a6e23a8c635c,.NET 10.0,False,True,False,True,Default,Default,False,False,False,Default,Default,Default,Default,Default,Default,Default,Default,Default,Default,Default,Default,Default,Default,Default,16,Default,MassTransit,InvokeAsyncT,"22,074.7304 ns",144.3110 ns,127.9280 ns,1.0681,0.0305,13384 B
MediatorBenchmarks.MassTransit,MassTransitBenchmarks,Query,False,Default,Default,Default,Default,Default,Default,11111111111111111111,Empty,RyuJit,Default,X64,8c5e7fda-e8bf-4a96-9a85-a6e23a8c635c,.NET 11.0,False,True,False,True,Default,Default,False,False,False,Default,Default,Default,Default,Default,Default,Default,Default,Default,Default,Default,Default,Default,Default,Default,16,Default,MassTransit,InvokeAsyncT,"24,588.7679 ns",198.5065 ns,185.6831 ns,1.0376,0.0305,13232 B
MediatorBenchmarks.MassTransit,MassTransitBenchmarks,FullQuery,False,Default,Default,Default,Default,Default,Default,11111111111111111111,Empty,RyuJit,Default,X64,8c5e7fda-e8bf-4a96-9a85-a6e23a8c635c,.NET 8.0,False,True,False,True,Default,Default,False,False,False,Default,Default,Default,Default,Default,Default,Default,Default,Default,Default,Default,Default,Default,Default,Default,16,Default,MassTransit,InvokeAsyncTWithDI,"25,257.1865 ns",204.6795 ns,191.4573 ns,1.0681,0.0000,13648 B
MediatorBenchmarks.MassTransit,MassTransitBenchmarks,FullQuery,False,Default,Default,Default,Default,Default,Default,11111111111111111111,Empty,RyuJit,Default,X64,8c5e7fda-e8bf-4a96-9a85-a6e23a8c635c,.NET 10.0,False,True,False,True,Default,Default,False,False,False,Default,Default,Default,Default,Default,Default,Default,Default,Default,Default,Default,Default,Default,Default,Default,16,Default,MassTransit,InvokeAsyncTWithDI,"21,917.4929 ns",92.1305 ns,86.1790 ns,1.0681,0.0305,13336 B
MediatorBenchmarks.MassTransit,MassTransitBenchmarks,FullQuery,False,Default,Default,Default,Default,Default,Default,11111111111111111111,Empty,RyuJit,Default,X64,8c5e7fda-e8bf-4a96-9a85-a6e23a8c635c,.NET 11.0,False,True,False,True,Default,Default,False,False,False,Default,Default,Default,Default,Default,Default,Default,Default,Default,Default,Default,Default,Default,Default,Default,16,Default,MassTransit,InvokeAsyncTWithDI,"22,981.4296 ns",212.5936 ns,177.5253 ns,1.0376,0.0305,13184 B
MediatorBenchmarks.MassTransit,MassTransitBenchmarks,Publish,False,Default,Default,Default,Default,Default,Default,11111111111111111111,Empty,RyuJit,Default,X64,8c5e7fda-e8bf-4a96-9a85-a6e23a8c635c,.NET 8.0,False,True,False,True,Default,Default,False,False,False,Default,Default,Default,Default,Default,Default,Default,Default,Default,Default,Default,Default,Default,Default,Default,16,Default,MassTransit,Publish,"3,974.6792 ns",17.2035 ns,16.0922 ns,0.6104,0.0000,7680 B
MediatorBenchmarks.MassTransit,MassTransitBenchmarks,Publish,False,Default,Default,Default,Default,Default,Default,11111111111111111111,Empty,RyuJit,Default,X64,8c5e7fda-e8bf-4a96-9a85-a6e23a8c635c,.NET 10.0,False,True,False,True,Default,Default,False,False,False,Default,Default,Default,Default,Default,Default,Default,Default,Default,Default,Default,Default,Default,Default,Default,16,Default,MassTransit,Publish,"3,613.7470 ns",29.4509 ns,24.5928 ns,0.5989,0.0038,7552 B
MediatorBenchmarks.MassTransit,MassTransitBenchmarks,Publish,False,Default,Default,Default,Default,Default,Default,11111111111111111111,Empty,RyuJit,Default,X64,8c5e7fda-e8bf-4a96-9a85-a6e23a8c635c,.NET 11.0,False,True,False,True,Default,Default,False,False,False,Default,Default,Default,Default,Default,Default,Default,Default,Default,Default,Default,Default,Default,Default,Default,16,Default,MassTransit,Publish,"3,612.9449 ns",21.2357 ns,17.7328 ns,0.5989,0.0038,7552 B
MediatorBenchmarks.MassTransit,MassTransitBenchmarks,ShortCircuit,False,Default,Default,Default,Default,Default,Default,11111111111111111111,Empty,RyuJit,Default,X64,8c5e7fda-e8bf-4a96-9a85-a6e23a8c635c,.NET 8.0,False,True,False,True,Default,Default,False,False,False,Default,Default,Default,Default,Default,Default,Default,Default,Default,Default,Default,Default,Default,Default,Default,16,Default,MassTransit,ShortCircuit,"24,074.0455 ns",209.7034 ns,185.8966 ns,1.0071,0.0305,12779 B
MediatorBenchmarks.MassTransit,MassTransitBenchmarks,ShortCircuit,False,Default,Default,Default,Default,Default,Default,11111111111111111111,Empty,RyuJit,Default,X64,8c5e7fda-e8bf-4a96-9a85-a6e23a8c635c,.NET 10.0,False,True,False,True,Default,Default,False,False,False,Default,Default,Default,Default,Default,Default,Default,Default,Default,Default,Default,Default,Default,Default,Default,16,Default,MassTransit,ShortCircuit,"21,152.6270 ns",216.9915 ns,202.9739 ns,0.9766,0.0305,12464 B
MediatorBenchmarks.MassTransit,MassTransitBenchmarks,ShortCircuit,False,Default,Default,Default,Default,Default,Default,11111111111111111111,Empty,RyuJit,Default,X64,8c5e7fda-e8bf-4a96-9a85-a6e23a8c635c,.NET 11.0,False,True,False,True,Default,Default,False,False,False,Default,Default,Default,Default,Default,Default,Default,Default,Default,Default,Default,Default,Default,Default,Default,16,Default,MassTransit,ShortCircuit,"22,642.3898 ns",306.5777 ns,271.7731 ns,0.9766,0.0000,12312 B
MediatorBenchmarks.MediatR,MediatRBenchmarks,CascadingMessages,False,Default,Default,Default,Default,Default,Default,11111111111111111111,Empty,RyuJit,Default,X64,8c5e7fda-e8bf-4a96-9a85-a6e23a8c635c,.NET 8.0,False,True,False,True,Default,Default,False,False,False,Default,Default,Default,Default,Default,Default,Default,Default,Default,Default,Default,Default,Default,Default,Default,16,Default,MediatR,CascadingMessages,226.0501 ns,0.6083 ns,0.5690 ns,0.0682,0.0000,856 B
MediatorBenchmarks.MediatR,MediatRBenchmarks,CascadingMessages,False,Default,Default,Default,Default,Default,Default,11111111111111111111,Empty,RyuJit,Default,X64,8c5e7fda-e8bf-4a96-9a85-a6e23a8c635c,.NET 10.0,False,True,False,True,Default,Default,False,False,False,Default,Default,Default,Default,Default,Default,Default,Default,Default,Default,Default,Default,Default,Default,Default,16,Default,MediatR,CascadingMessages,164.4783 ns,0.4863 ns,0.4549 ns,0.0591,0.0000,744 B
MediatorBenchmarks.MediatR,MediatRBenchmarks,CascadingMessages,False,Default,Default,Default,Default,Default,Default,11111111111111111111,Empty,RyuJit,Default,X64,8c5e7fda-e8bf-4a96-9a85-a6e23a8c635c,.NET 11.0,False,True,False,True,Default,Default,False,False,False,Default,Default,Default,Default,Default,Default,Default,Default,Default,Default,Default,Default,Default,Default,Default,16,Default,MediatR,CascadingMessages,163.5033 ns,0.6478 ns,0.6059 ns,0.0591,0.0000,744 B
MediatorBenchmarks.MediatR,MediatRBenchmarks,Command,False,Default,Default,Default,Default,Default,Default,11111111111111111111,Empty,RyuJit,Default,X64,8c5e7fda-e8bf-4a96-9a85-a6e23a8c635c,.NET 8.0,False,True,False,True,Default,Default,False,False,False,Default,Default,Default,Default,Default,Default,Default,Default,Default,Default,Default,Default,Default,Default,Default,16,Default,MediatR,InvokeAsync,83.1248 ns,0.4600 ns,0.4078 ns,0.0191,0.0000,240 B
MediatorBenchmarks.MediatR,MediatRBenchmarks,Command,False,Default,Default,Default,Default,Default,Default,11111111111111111111,Empty,RyuJit,Default,X64,8c5e7fda-e8bf-4a96-9a85-a6e23a8c635c,.NET 10.0,False,True,False,True,Default,Default,False,False,False,Default,Default,Default,Default,Default,Default,Default,Default,Default,Default,Default,Default,Default,Default,Default,16,Default,MediatR,InvokeAsync,48.6296 ns,0.1705 ns,0.1594 ns,0.0102,0.0000,128 B
MediatorBenchmarks.MediatR,MediatRBenchmarks,Command,False,Default,Default,Default,Default,Default,Default,11111111111111111111,Empty,RyuJit,Default,X64,8c5e7fda-e8bf-4a96-9a85-a6e23a8c635c,.NET 11.0,False,True,False,True,Default,Default,False,False,False,Default,Default,Default,Default,Default,Default,Default,Default,Default,Default,Default,Default,Default,Default,Default,16,Default,MediatR,InvokeAsync,49.6130 ns,0.2401 ns,0.2246 ns,0.0102,0.0000,128 B
MediatorBenchmarks.MediatR,MediatRBenchmarks,Query,False,Default,Default,Default,Default,Default,Default,11111111111111111111,Empty,RyuJit,Default,X64,8c5e7fda-e8bf-4a96-9a85-a6e23a8c635c,.NET 8.0,False,True,False,True,Default,Default,False,False,False,Default,Default,Default,Default,Default,Default,Default,Default,Default,Default,Default,Default,Default,Default,Default,16,Default,MediatR,InvokeAsyncT,117.2066 ns,0.8782 ns,0.8215 ns,0.0286,0.0000,360 B
MediatorBenchmarks.MediatR,MediatRBenchmarks,Query,False,Default,Default,Default,Default,Default,Default,11111111111111111111,Empty,RyuJit,Default,X64,8c5e7fda-e8bf-4a96-9a85-a6e23a8c635c,.NET 10.0,False,True,False,True,Default,Default,False,False,False,Default,Default,Default,Default,Default,Default,Default,Default,Default,Default,Default,Default,Default,Default,Default,16,Default,MediatR,InvokeAsyncT,78.9934 ns,1.1083 ns,1.0367 ns,0.0197,0.0000,248 B
MediatorBenchmarks.MediatR,MediatRBenchmarks,Query,False,Default,Default,Default,Default,Default,Default,11111111111111111111,Empty,RyuJit,Default,X64,8c5e7fda-e8bf-4a96-9a85-a6e23a8c635c,.NET 11.0,False,True,False,True,Default,Default,False,False,False,Default,Default,Default,Default,Default,Default,Default,Default,Default,Default,Default,Default,Default,Default,Default,16,Default,MediatR,InvokeAsyncT,74.2955 ns,0.9705 ns,0.8104 ns,0.0197,0.0000,248 B
MediatorBenchmarks.MediatR,MediatRBenchmarks,FullQuery,False,Default,Default,Default,Default,Default,Default,11111111111111111111,Empty,RyuJit,Default,X64,8c5e7fda-e8bf-4a96-9a85-a6e23a8c635c,.NET 8.0,False,True,False,True,Default,Default,False,False,False,Default,Default,Default,Default,Default,Default,Default,Default,Default,Default,Default,Default,Default,Default,Default,16,Default,MediatR,InvokeAsyncTWithDI,202.3821 ns,1.9804 ns,1.8524 ns,0.0489,0.0000,616 B
MediatorBenchmarks.MediatR,MediatRBenchmarks,FullQuery,False,Default,Default,Default,Default,Default,Default,11111111111111111111,Empty,RyuJit,Default,X64,8c5e7fda-e8bf-4a96-9a85-a6e23a8c635c,.NET 10.0,False,True,False,True,Default,Default,False,False,False,Default,Default,Default,Default,Default,Default,Default,Default,Default,Default,Default,Default,Default,Default,Default,16,Default,MediatR,InvokeAsyncTWithDI,160.1263 ns,3.1278 ns,3.7234 ns,0.0439,0.0000,552 B
MediatorBenchmarks.MediatR,MediatRBenchmarks,FullQuery,False,Default,Default,Default,Default,Default,Default,11111111111111111111,Empty,RyuJit,Default,X64,8c5e7fda-e8bf-4a96-9a85-a6e23a8c635c,.NET 11.0,False,True,False,True,Default,Default,False,False,False,Default,Default,Default,Default,Default,Default,Default,Default,Default,Default,Default,Default,Default,Default,Default,16,Default,MediatR,InvokeAsyncTWithDI,143.0193 ns,0.8873 ns,0.6927 ns,0.0439,0.0000,552 B
MediatorBenchmarks.MediatR,MediatRBenchmarks,Publish,False,Default,Default,Default,Default,Default,Default,11111111111111111111,Empty,RyuJit,Default,X64,8c5e7fda-e8bf-4a96-9a85-a6e23a8c635c,.NET 8.0,False,True,False,True,Default,Default,False,False,False,Default,Default,Default,Default,Default,Default,Default,Default,Default,Default,Default,Default,Default,Default,Default,16,Default,MediatR,Publish,101.0635 ns,1.5691 ns,1.4677 ns,0.0350,0.0000,440 B
MediatorBenchmarks.MediatR,MediatRBenchmarks,Publish,False,Default,Default,Default,Default,Default,Default,11111111111111111111,Empty,RyuJit,Default,X64,8c5e7fda-e8bf-4a96-9a85-a6e23a8c635c,.NET 10.0,False,True,False,True,Default,Default,False,False,False,Default,Default,Default,Default,Default,Default,Default,Default,Default,Default,Default,Default,Default,Default,Default,16,Default,MediatR,Publish,79.1676 ns,0.3520 ns,0.3293 ns,0.0350,0.0000,440 B
MediatorBenchmarks.MediatR,MediatRBenchmarks,Publish,False,Default,Default,Default,Default,Default,Default,11111111111111111111,Empty,RyuJit,Default,X64,8c5e7fda-e8bf-4a96-9a85-a6e23a8c635c,.NET 11.0,False,True,False,True,Default,Default,False,False,False,Default,Default,Default,Default,Default,Default,Default,Default,Default,Default,Default,Default,Default,Default,Default,16,Default,MediatR,Publish,77.5823 ns,0.3470 ns,0.3076 ns,0.0350,0.0000,440 B
MediatorBenchmarks.MediatR,MediatRBenchmarks,ShortCircuit,False,Default,Default,Default,Default,Default,Default,11111111111111111111,Empty,RyuJit,Default,X64,8c5e7fda-e8bf-4a96-9a85-a6e23a8c635c,.NET 8.0,False,True,False,True,Default,Default,False,False,False,Default,Default,Default,Default,Default,Default,Default,Default,Default,Default,Default,Default,Default,Default,Default,16,Default,MediatR,ShortCircuit,126.3838 ns,0.5646 ns,0.5281 ns,0.0420,0.0000,528 B
MediatorBenchmarks.MediatR,MediatRBenchmarks,ShortCircuit,False,Default,Default,Default,Default,Default,Default,11111111111111111111,Empty,RyuJit,Default,X64,8c5e7fda-e8bf-4a96-9a85-a6e23a8c635c,.NET 10.0,False,True,False,True,Default,Default,False,False,False,Default,Default,Default,Default,Default,Default,Default,Default,Default,Default,Default,Default,Default,Default,Default,16,Default,MediatR,ShortCircuit,105.3672 ns,0.4414 ns,0.4128 ns,0.0370,0.0000,464 B
MediatorBenchmarks.MediatR,MediatRBenchmarks,ShortCircuit,False,Default,Default,Default,Default,Default,Default,11111111111111111111,Empty,RyuJit,Default,X64,8c5e7fda-e8bf-4a96-9a85-a6e23a8c635c,.NET 11.0,False,True,False,True,Default,Default,False,False,False,Default,Default,Default,Default,Default,Default,Default,Default,Default,Default,Default,Default,Default,Default,Default,16,Default,MediatR,ShortCircuit,98.9715 ns,1.7678 ns,1.6536 ns,0.0370,0.0000,464 B
MediatorBenchmarks.MediatorNet,MediatorNetBenchmarks,CascadingMessages,False,Default,Default,Default,Default,Default,Default,11111111111111111111,Empty,RyuJit,Default,X64,8c5e7fda-e8bf-4a96-9a85-a6e23a8c635c,.NET 8.0,False,True,False,True,Default,Default,False,False,False,Default,Default,Default,Default,Default,Default,Default,Default,Default,Default,Default,Default,Default,Default,Default,16,Default,MediatorNet,CascadingMessages,73.1405 ns,0.1604 ns,0.1500 ns,0.0057,0.0000,72 B
MediatorBenchmarks.MediatorNet,MediatorNetBenchmarks,CascadingMessages,False,Default,Default,Default,Default,Default,Default,11111111111111111111,Empty,RyuJit,Default,X64,8c5e7fda-e8bf-4a96-9a85-a6e23a8c635c,.NET 10.0,False,True,False,True,Default,Default,False,False,False,Default,Default,Default,Default,Default,Default,Default,Default,Default,Default,Default,Default,Default,Default,Default,16,Default,MediatorNet,CascadingMessages,61.7238 ns,0.1368 ns,0.1279 ns,0.0057,0.0000,72 B
MediatorBenchmarks.MediatorNet,MediatorNetBenchmarks,CascadingMessages,False,Default,Default,Default,Default,Default,Default,11111111111111111111,Empty,RyuJit,Default,X64,8c5e7fda-e8bf-4a96-9a85-a6e23a8c635c,.NET 11.0,False,True,False,True,Default,Default,False,False,False,Default,Default,Default,Default,Default,Default,Default,Default,Default,Default,Default,Default,Default,Default,Default,16,Default,MediatorNet,CascadingMessages,54.7335 ns,0.8385 ns,0.7433 ns,0.0057,0.0000,72 B
MediatorBenchmarks.MediatorNet,MediatorNetBenchmarks,Command,False,Default,Default,Default,Default,Default,Default,11111111111111111111,Empty,RyuJit,Default,X64,8c5e7fda-e8bf-4a96-9a85-a6e23a8c635c,.NET 8.0,False,True,False,True,Default,Default,False,False,False,Default,Default,Default,Default,Default,Default,Default,Default,Default,Default,Default,Default,Default,Default,Default,16,Default,MediatorNet,InvokeAsync,25.9841 ns,0.0936 ns,0.0875 ns,0.0000,0.0000,0 B
MediatorBenchmarks.MediatorNet,MediatorNetBenchmarks,Command,False,Default,Default,Default,Default,Default,Default,11111111111111111111,Empty,RyuJit,Default,X64,8c5e7fda-e8bf-4a96-9a85-a6e23a8c635c,.NET 10.0,False,True,False,True,Default,Default,False,False,False,Default,Default,Default,Default,Default,Default,Default,Default,Default,Default,Default,Default,Default,Default,Default,16,Default,MediatorNet,InvokeAsync,19.7084 ns,0.0160 ns,0.0142 ns,0.0000,0.0000,0 B
MediatorBenchmarks.MediatorNet,MediatorNetBenchmarks,Command,False,Default,Default,Default,Default,Default,Default,11111111111111111111,Empty,RyuJit,Default,X64,8c5e7fda-e8bf-4a96-9a85-a6e23a8c635c,.NET 11.0,False,True,False,True,Default,Default,False,False,False,Default,Default,Default,Default,Default,Default,Default,Default,Default,Default,Default,Default,Default,Default,Default,16,Default,MediatorNet,InvokeAsync,12.5804 ns,0.0454 ns,0.0379 ns,0.0000,0.0000,0 B
MediatorBenchmarks.MediatorNet,MediatorNetBenchmarks,Query,False,Default,Default,Default,Default,Default,Default,11111111111111111111,Empty,RyuJit,Default,X64,8c5e7fda-e8bf-4a96-9a85-a6e23a8c635c,.NET 8.0,False,True,False,True,Default,Default,False,False,False,Default,Default,Default,Default,Default,Default,Default,Default,Default,Default,Default,Default,Default,Default,Default,16,Default,MediatorNet,InvokeAsyncT,46.7121 ns,0.1361 ns,0.1273 ns,0.0038,0.0000,48 B
MediatorBenchmarks.MediatorNet,MediatorNetBenchmarks,Query,False,Default,Default,Default,Default,Default,Default,11111111111111111111,Empty,RyuJit,Default,X64,8c5e7fda-e8bf-4a96-9a85-a6e23a8c635c,.NET 10.0,False,True,False,True,Default,Default,False,False,False,Default,Default,Default,Default,Default,Default,Default,Default,Default,Default,Default,Default,Default,Default,Default,16,Default,MediatorNet,InvokeAsyncT,45.8028 ns,0.1735 ns,0.1623 ns,0.0038,0.0000,48 B
MediatorBenchmarks.MediatorNet,MediatorNetBenchmarks,Query,False,Default,Default,Default,Default,Default,Default,11111111111111111111,Empty,RyuJit,Default,X64,8c5e7fda-e8bf-4a96-9a85-a6e23a8c635c,.NET 11.0,False,True,False,True,Default,Default,False,False,False,Default,Default,Default,Default,Default,Default,Default,Default,Default,Default,Default,Default,Default,Default,Default,16,Default,MediatorNet,InvokeAsyncT,37.3381 ns,0.0689 ns,0.0645 ns,0.0038,0.0000,48 B
MediatorBenchmarks.MediatorNet,MediatorNetBenchmarks,FullQuery,False,Default,Default,Default,Default,Default,Default,11111111111111111111,Empty,RyuJit,Default,X64,8c5e7fda-e8bf-4a96-9a85-a6e23a8c635c,.NET 8.0,False,True,False,True,Default,Default,False,False,False,Default,Default,Default,Default,Default,Default,Default,Default,Default,Default,Default,Default,Default,Default,Default,16,Default,MediatorNet,InvokeAsyncTWithDI,91.0765 ns,0.5952 ns,0.4971 ns,0.0031,0.0000,40 B
MediatorBenchmarks.MediatorNet,MediatorNetBenchmarks,FullQuery,False,Default,Default,Default,Default,Default,Default,11111111111111111111,Empty,RyuJit,Default,X64,8c5e7fda-e8bf-4a96-9a85-a6e23a8c635c,.NET 10.0,False,True,False,True,Default,Default,False,False,False,Default,Default,Default,Default,Default,Default,Default,Default,Default,Default,Default,Default,Default,Default,Default,16,Default,MediatorNet,InvokeAsyncTWithDI,74.5113 ns,0.1891 ns,0.1676 ns,0.0031,0.0000,40 B
MediatorBenchmarks.MediatorNet,MediatorNetBenchmarks,FullQuery,False,Default,Default,Default,Default,Default,Default,11111111111111111111,Empty,RyuJit,Default,X64,8c5e7fda-e8bf-4a96-9a85-a6e23a8c635c,.NET 11.0,False,True,False,True,Default,Default,False,False,False,Default,Default,Default,Default,Default,Default,Default,Default,Default,Default,Default,Default,Default,Default,Default,16,Default,MediatorNet,InvokeAsyncTWithDI,61.1463 ns,0.1275 ns,0.1130 ns,0.0031,0.0000,40 B
MediatorBenchmarks.MediatorNet,MediatorNetBenchmarks,Publish,False,Default,Default,Default,Default,Default,Default,11111111111111111111,Empty,RyuJit,Default,X64,8c5e7fda-e8bf-4a96-9a85-a6e23a8c635c,.NET 8.0,False,True,False,True,Default,Default,False,False,False,Default,Default,Default,Default,Default,Default,Default,Default,Default,Default,Default,Default,Default,Default,Default,16,Default,MediatorNet,Publish,28.9393 ns,0.3389 ns,0.3170 ns,0.0000,0.0000,0 B
MediatorBenchmarks.MediatorNet,MediatorNetBenchmarks,Publish,False,Default,Default,Default,Default,Default,Default,11111111111111111111,Empty,RyuJit,Default,X64,8c5e7fda-e8bf-4a96-9a85-a6e23a8c635c,.NET 10.0,False,True,False,True,Default,Default,False,False,False,Default,Default,Default,Default,Default,Default,Default,Default,Default,Default,Default,Default,Default,Default,Default,16,Default,MediatorNet,Publish,23.3568 ns,0.0232 ns,0.0205 ns,0.0000,0.0000,0 B
MediatorBenchmarks.MediatorNet,MediatorNetBenchmarks,Publish,False,Default,Default,Default,Default,Default,Default,11111111111111111111,Empty,RyuJit,Default,X64,8c5e7fda-e8bf-4a96-9a85-a6e23a8c635c,.NET 11.0,False,True,False,True,Default,Default,False,False,False,Default,Default,Default,Default,Default,Default,Default,Default,Default,Default,Default,Default,Default,Default,Default,16,Default,MediatorNet,Publish,16.1522 ns,0.0136 ns,0.0114 ns,0.0000,0.0000,0 B
MediatorBenchmarks.MediatorNet,MediatorNetBenchmarks,ShortCircuit,False,Default,Default,Default,Default,Default,Default,11111111111111111111,Empty,RyuJit,Default,X64,8c5e7fda-e8bf-4a96-9a85-a6e23a8c635c,.NET 8.0,False,True,False,True,Default,Default,False,False,False,Default,Default,Default,Default,Default,Default,Default,Default,Default,Default,Default,Default,Default,Default,Default,16,Default,MediatorNet,ShortCircuit,28.3680 ns,0.5101 ns,0.4772 ns,0.0000,0.0000,0 B
MediatorBenchmarks.MediatorNet,MediatorNetBenchmarks,ShortCircuit,False,Default,Default,Default,Default,Default,Default,11111111111111111111,Empty,RyuJit,Default,X64,8c5e7fda-e8bf-4a96-9a85-a6e23a8c635c,.NET 10.0,False,True,False,True,Default,Default,False,False,False,Default,Default,Default,Default,Default,Default,Default,Default,Default,Default,Default,Default,Default,Default,Default,16,Default,MediatorNet,ShortCircuit,22.7357 ns,0.0232 ns,0.0181 ns,0.0000,0.0000,0 B
MediatorBenchmarks.MediatorNet,MediatorNetBenchmarks,ShortCircuit,False,Default,Default,Default,Default,Default,Default,11111111111111111111,Empty,RyuJit,Default,X64,8c5e7fda-e8bf-4a96-9a85-a6e23a8c635c,.NET 11.0,False,True,False,True,Default,Default,False,False,False,Default,Default,Default,Default,Default,Default,Default,Default,Default,Default,Default,Default,Default,Default,Default,16,Default,MediatorNet,ShortCircuit,15.6651 ns,0.0191 ns,0.0179 ns,0.0000,0.0000,0 B
MediatorBenchmarks.Wolverine,WolverineBenchmarks,CascadingMessages,False,Default,Default,Default,Default,Default,Default,11111111111111111111,Empty,RyuJit,Default,X64,8c5e7fda-e8bf-4a96-9a85-a6e23a8c635c,.NET 10.0,False,True,False,True,Default,Default,False,False,False,Default,Default,Default,Default,Default,Default,Default,Default,Default,Default,Default,Default,Default,Default,Default,16,Default,Wolverine,CascadingMessages,"3,424.0053 ns",15.1475 ns,12.6489 ns,0.2785,0.0000,3512 B
MediatorBenchmarks.Wolverine,WolverineBenchmarks,CascadingMessages,False,Default,Default,Default,Default,Default,Default,11111111111111111111,Empty,RyuJit,Default,X64,8c5e7fda-e8bf-4a96-9a85-a6e23a8c635c,.NET 11.0,False,True,False,True,Default,Default,False,False,False,Default,Default,Default,Default,Default,Default,Default,Default,Default,Default,Default,Default,Default,Default,Default,16,Default,Wolverine,CascadingMessages,"3,432.3220 ns",19.2612 ns,18.0170 ns,0.2747,0.0000,3488 B
MediatorBenchmarks.Wolverine,WolverineBenchmarks,Command,False,Default,Default,Default,Default,Default,Default,11111111111111111111,Empty,RyuJit,Default,X64,8c5e7fda-e8bf-4a96-9a85-a6e23a8c635c,.NET 10.0,False,True,False,True,Default,Default,False,False,False,Default,Default,Default,Default,Default,Default,Default,Default,Default,Default,Default,Default,Default,Default,Default,16,Default,Wolverine,InvokeAsync,223.0538 ns,0.2401 ns,0.2129 ns,0.0000,0.0000,0 B
MediatorBenchmarks.Wolverine,WolverineBenchmarks,Command,False,Default,Default,Default,Default,Default,Default,11111111111111111111,Empty,RyuJit,Default,X64,8c5e7fda-e8bf-4a96-9a85-a6e23a8c635c,.NET 11.0,False,True,False,True,Default,Default,False,False,False,Default,Default,Default,Default,Default,Default,Default,Default,Default,Default,Default,Default,Default,Default,Default,16,Default,Wolverine,InvokeAsync,218.0333 ns,0.2592 ns,0.2424 ns,0.0000,0.0000,0 B
MediatorBenchmarks.Wolverine,WolverineBenchmarks,Query,False,Default,Default,Default,Default,Default,Default,11111111111111111111,Empty,RyuJit,Default,X64,8c5e7fda-e8bf-4a96-9a85-a6e23a8c635c,.NET 10.0,False,True,False,True,Default,Default,False,False,False,Default,Default,Default,Default,Default,Default,Default,Default,Default,Default,Default,Default,Default,Default,Default,16,Default,Wolverine,InvokeAsyncT,294.1991 ns,1.4157 ns,1.3243 ns,0.0095,0.0000,120 B
MediatorBenchmarks.Wolverine,WolverineBenchmarks,Query,False,Default,Default,Default,Default,Default,Default,11111111111111111111,Empty,RyuJit,Default,X64,8c5e7fda-e8bf-4a96-9a85-a6e23a8c635c,.NET 11.0,False,True,False,True,Default,Default,False,False,False,Default,Default,Default,Default,Default,Default,Default,Default,Default,Default,Default,Default,Default,Default,Default,16,Default,Wolverine,InvokeAsyncT,282.4079 ns,0.6235 ns,0.5527 ns,0.0095,0.0000,120 B
MediatorBenchmarks.Wolverine,WolverineBenchmarks,FullQuery,False,Default,Default,Default,Default,Default,Default,11111111111111111111,Empty,RyuJit,Default,X64,8c5e7fda-e8bf-4a96-9a85-a6e23a8c635c,.NET 10.0,False,True,False,True,Default,Default,False,False,False,Default,Default,Default,Default,Default,Default,Default,Default,Default,Default,Default,Default,Default,Default,Default,16,Default,Wolverine,InvokeAsyncTWithDI,308.5159 ns,1.0533 ns,0.9853 ns,0.0086,0.0000,112 B
MediatorBenchmarks.Wolverine,WolverineBenchmarks,FullQuery,False,Default,Default,Default,Default,Default,Default,11111111111111111111,Empty,RyuJit,Default,X64,8c5e7fda-e8bf-4a96-9a85-a6e23a8c635c,.NET 11.0,False,True,False,True,Default,Default,False,False,False,Default,Default,Default,Default,Default,Default,Default,Default,Default,Default,Default,Default,Default,Default,Default,16,Default,Wolverine,InvokeAsyncTWithDI,310.9998 ns,4.4980 ns,3.7561 ns,0.0105,0.0000,136 B
MediatorBenchmarks.Wolverine,WolverineBenchmarks,Publish,False,Default,Default,Default,Default,Default,Default,11111111111111111111,Empty,RyuJit,Default,X64,8c5e7fda-e8bf-4a96-9a85-a6e23a8c635c,.NET 10.0,False,True,False,True,Default,Default,False,False,False,Default,Default,Default,Default,Default,Default,Default,Default,Default,Default,Default,Default,Default,Default,Default,16,Default,Wolverine,Publish,"2,876.9418 ns",11.5697 ns,10.8223 ns,0.2365,0.0000,2992 B
MediatorBenchmarks.Wolverine,WolverineBenchmarks,Publish,False,Default,Default,Default,Default,Default,Default,11111111111111111111,Empty,RyuJit,Default,X64,8c5e7fda-e8bf-4a96-9a85-a6e23a8c635c,.NET 11.0,False,True,False,True,Default,Default,False,False,False,Default,Default,Default,Default,Default,Default,Default,Default,Default,Default,Default,Default,Default,Default,Default,16,Default,Wolverine,Publish,"2,824.7569 ns",10.6094 ns,8.8593 ns,0.2365,0.0000,2968 B
MediatorBenchmarks.Wolverine,WolverineBenchmarks,ShortCircuit,False,Default,Default,Default,Default,Default,Default,11111111111111111111,Empty,RyuJit,Default,X64,8c5e7fda-e8bf-4a96-9a85-a6e23a8c635c,.NET 10.0,False,True,False,True,Default,Default,False,False,False,Default,Default,Default,Default,Default,Default,Default,Default,Default,Default,Default,Default,Default,Default,Default,16,Default,Wolverine,ShortCircuit,261.3427 ns,0.2846 ns,0.2523 ns,0.0000,0.0000,0 B
MediatorBenchmarks.Wolverine,WolverineBenchmarks,ShortCircuit,False,Default,Default,Default,Default,Default,Default,11111111111111111111,Empty,RyuJit,Default,X64,8c5e7fda-e8bf-4a96-9a85-a6e23a8c635c,.NET 11.0,False,True,False,True,Default,Default,False,False,False,Default,Default,Default,Default,Default,Default,Default,Default,Default,Default,Default,Default,Default,Default,Default,16,Default,Wolverine,ShortCircuit,245.6313 ns,0.8924 ns,0.7911 ns,0.0000,0.0000,0 B
